cn,maxCoefficient,maxTriangles,minCoefficient,minTriangles,node1,node2,pa,sl,sp,tn,label
4.0,1.0,10,1.0,10,101053,101054,25.0,1.0,1.0,6.0,1
2.0,1.0,3,0.3333333333333333,2,35945,77989,12.0,1.0,1.0,5.0,1
2.0,1.0,3,1.0,3,2657,2658,9.0,1.0,1.0,4.0,1
0.0,1.0,10,1.0,3,213982,228457,15.0,0.0,1.0,8.0,0
0.0,1.0,5,0.8333333333333334,1,95994,71626,8.0,0.0,1.0,6.0,0
