cn,maxCoefficient,maxTriangles,minCoefficient,minTriangles,node1,node2,pa,sl,sp,tn,label
0.0,1.0,28,0.8666666666666667,14,72490,11046,48.0,0.0,0.0,14.0,0
3.0,0.06890756302521009,38,0.05847953216374269,8,130189,145288,665.0,0.0,0.0,51.0,1
1.0,0.3333333333333333,1,0.0,0,107714,263014,6.0,1.0,1.0,4.0,1
4.0,0.37777777777777777,27,0.152046783625731,18,218002,223250,190.0,0.0,0.0,25.0,1
2.0,0.6666666666666666,2,0.3,1,117068,222134,15.0,1.0,1.0,6.0,1
